NC,KNC,NBC,SNC,TKNC
0.75,0.00966346153846154,0.13701923076923078,0.15064102564102563,0.11487526582261474
