frame_id,steering_angle
1,0.268780708
2,-0.474729568
3,0
4,-0.036651913
5,0.022689281
