NC,KNC,NBC,SNC,TKNC
0.7788461538461539,0.009599358974358974,0.13701923076923078,0.15064102564102563,0.08950343440145203
0.7788461538461539,0.009599358974358974,0.13701923076923078,0.15064102564102563,0.08950343440145203
