NC,KNC,NBC,SNC,TKNC
0.7996794871794872,0.00969551282051282,0.13701923076923078,0.15064102564102563,0.10854502649497172
